ID,TAWH252A,TAWH252B,TAWH111A,TAWH111B,TAWH7A,TAWH7B,TAWH240A,TAWH240B,TAWH104A,TAWH104B,TAWH269A,TAWH269B,TAWH191A,TAWH191B,TAWH33A,TAWH33B,TAWH138A,TAWH138B,TAWH84A,TAWH84B
ppo1925,148,156,266,266,240,244,0,0,0,0,343,343,101,101,244,248,211,211,248,248
ppo2458,152,152,266,266,240,244,213,221,140,140,343,343,101,101,248,260,211,211,248,268
ppo2476,152,156,266,274,244,244,213,221,140,148,335,339,101,101,244,248,211,211,248,248
ppo2478,152,152,266,274,244,244,213,221,140,168,339,343,101,101,248,260,211,211,240,248
ppo1923,148,148,266,266,232,236,213,213,140,152,339,339,101,101,248,260,211,211,248,248
ppo1929,0,0,0,0,240,244,0,0,0,0,343,343,101,101,240,240,0,0,0,0
ppo1930,148,148,266,266,232,244,213,213,140,152,335,339,101,101,248,260,211,211,248,264
ppo1931,148,152,266,266,232,236,213,213,140,152,335,339,101,101,248,248,211,211,264,268
ppo1932,148,148,266,266,232,236,213,213,148,152,335,335,101,101,248,260,211,211,248,268
ppo1927,156,156,0,0,240,240,213,213,152,152,339,339,101,101,260,260,211,211,248,268
ppo1928,156,156,266,266,240,240,213,213,152,152,335,339,101,101,260,260,211,211,248,248
ppo1938,156,156,266,274,236,240,213,213,140,152,331,331,101,101,260,260,211,211,248,248
ppo1671,156,156,0,0,236,244,213,213,140,152,335,339,101,101,240,260,0,0,0,0
ppo1672,152,156,266,266,232,232,213,213,152,152,331,335,101,101,260,264,211,211,248,248
ppo1673,156,156,0,0,244,244,0,0,156,156,335,339,101,101,240,260,0,0,248,248
ppo1675,156,156,0,0,244,244,0,0,152,152,0,0,101,101,248,260,0,0,0,0
ppo1934,160,160,0,0,240,244,213,213,140,152,335,335,101,101,244,248,211,211,248,264
ppo1935,148,160,266,266,240,244,0,0,140,152,331,343,101,101,240,244,211,211,248,264
ppo1942,152,160,266,266,240,240,0,0,152,152,335,335,101,101,248,260,211,211,248,248
ppo1937,148,160,266,266,240,244,213,213,152,152,335,343,101,101,260,260,211,211,248,264
ppo1945,160,160,266,266,232,240,213,221,152,152,339,339,101,101,244,248,211,211,248,248
ppo2579,160,160,266,266,240,244,213,221,152,152,331,331,101,101,244,248,211,211,248,248
ppo2603,160,160,266,266,232,244,213,221,152,156,335,339,101,101,244,248,211,211,248,248
ppo2607,152,160,266,266,232,240,213,213,140,152,331,339,101,101,244,248,211,211,248,248
ppo2609,156,160,266,266,232,240,213,213,140,152,331,331,101,101,244,248,0,0,0,0
ppo2610,152,152,266,270,240,240,213,221,152,152,331,331,101,101,244,248,211,211,248,248
